dataset,arm,method,n,mean_test_auroc,sd
cbis,balanced,m0_2donly,5,0.6499,0.0597
cbis,balanced,m1_wt_llrd,5,0.738,0.0175
cbis,balanced,mscratch,5,0.5708,0.0081
cbis,natural,m0_2donly,5,0.6583,0.058
cbis,natural,m1_wt_llrd,5,0.7556,0.0182
cbis,natural,mscratch,5,0.5646,0.0044
cddcesm,balanced,m0_2donly,5,0.5968,0.105
cddcesm,balanced,m1_wt_llrd,5,0.7959,0.0313
cddcesm,balanced,mscratch,5,0.481,0.0497
cddcesm,natural,m0_2donly,5,0.717,0.0492
cddcesm,natural,m1_wt_llrd,5,0.8121,0.031
cddcesm,natural,mscratch,5,0.5486,0.0385
cmmd,balanced,m0_2donly,5,0.6384,0.0683
cmmd,balanced,m1_wt_llrd,5,0.7795,0.0141
cmmd,balanced,mscratch,5,0.5367,0.0158
cmmd,natural,m0_2donly,5,0.6859,0.0806
cmmd,natural,m1_wt_llrd,5,0.7833,0.0135
cmmd,natural,mscratch,5,0.5462,0.009
embed,balanced,m0_2donly,5,0.7512,0.0036
embed,balanced,m1_wt_llrd,5,0.7614,0.008
embed,balanced,mscratch,5,0.5793,0.051
embed_nat,natural,m0_2donly,5,0.712,0.0241
embed_nat,natural,m1_wt_llrd,5,0.7454,0.0052
embed_nat,natural,mscratch,5,0.5388,0.0479
mias,balanced,m0_2donly,5,0.5296,0.0947
mias,balanced,m1_wt_llrd,5,0.7452,0.0517
mias,balanced,mscratch,5,0.3898,0.062
mias,natural,m0_2donly,5,0.5036,0.1184
mias,natural,m1_wt_llrd,5,0.7074,0.0408
mias,natural,mscratch,5,0.5042,0.1795
rsna,balanced,m0_2donly,5,0.5502,0.0511
rsna,balanced,m1_wt_llrd,5,0.6878,0.0153
rsna,balanced,mscratch,5,0.4964,0.0221
