dataset,arm,method,seed,test_auroc,val_auroc,test_n,test_pos
cbis,balanced,m0_2donly,1,0.6105,0.5731,605,275
cbis,balanced,m0_2donly,2,0.6713,0.7258,605,275
cbis,balanced,m0_2donly,3,0.7075,0.7361,605,275
cbis,balanced,m0_2donly,4,0.6939,0.7178,605,275
cbis,balanced,m0_2donly,42,0.5662,0.5808,605,275
cbis,balanced,m1_wt_llrd,1,0.7083,0.7324,605,275
cbis,balanced,m1_wt_llrd,2,0.7491,0.7986,605,275
cbis,balanced,m1_wt_llrd,3,0.7524,0.7803,605,275
cbis,balanced,m1_wt_llrd,4,0.7392,0.8094,605,275
cbis,balanced,m1_wt_llrd,42,0.7408,0.8151,605,275
cbis,balanced,mscratch,1,0.5646,0.5877,605,275
cbis,balanced,mscratch,2,0.582,0.5956,605,275
cbis,balanced,mscratch,3,0.5702,0.6127,605,275
cbis,balanced,mscratch,4,0.5751,0.5777,605,275
cbis,balanced,mscratch,42,0.562,0.58,605,275
cbis,natural,m0_2donly,1,0.7013,0.6794,605,275
cbis,natural,m0_2donly,2,0.5935,0.5839,605,275
cbis,natural,m0_2donly,3,0.5964,0.5764,605,275
cbis,natural,m0_2donly,4,0.707,0.6935,605,275
cbis,natural,m0_2donly,42,0.6932,0.6919,605,275
cbis,natural,m1_wt_llrd,1,0.7567,0.7566,605,275
cbis,natural,m1_wt_llrd,2,0.7835,0.8005,605,275
cbis,natural,m1_wt_llrd,3,0.7428,0.7848,605,275
cbis,natural,m1_wt_llrd,4,0.7362,0.7843,605,275
cbis,natural,m1_wt_llrd,42,0.7586,0.8127,605,275
cbis,natural,mscratch,1,0.5649,0.6044,605,275
cbis,natural,mscratch,2,0.5635,0.5993,605,275
cbis,natural,mscratch,3,0.5601,0.5912,605,275
cbis,natural,mscratch,4,0.5718,0.6054,605,275
cbis,natural,mscratch,42,0.5625,0.5778,605,275
cddcesm,balanced,m0_2donly,1,0.7712,0.727,247,154
cddcesm,balanced,m0_2donly,2,0.5591,0.5158,247,154
cddcesm,balanced,m0_2donly,3,0.563,0.5104,247,154
cddcesm,balanced,m0_2donly,4,0.5997,0.4661,247,154
cddcesm,balanced,m0_2donly,42,0.4912,0.5544,247,154
cddcesm,balanced,m1_wt_llrd,1,0.8365,0.812,247,154
cddcesm,balanced,m1_wt_llrd,2,0.8091,0.8213,247,154
cddcesm,balanced,m1_wt_llrd,3,0.7918,0.8,247,154
cddcesm,balanced,m1_wt_llrd,4,0.7916,0.8686,247,154
cddcesm,balanced,m1_wt_llrd,42,0.7506,0.7708,247,154
cddcesm,balanced,mscratch,1,0.527,0.4981,247,154
cddcesm,balanced,mscratch,2,0.43,0.5713,247,154
cddcesm,balanced,mscratch,3,0.4523,0.5415,247,154
cddcesm,balanced,mscratch,4,0.4545,0.5423,247,154
cddcesm,balanced,mscratch,42,0.5413,0.494,247,154
cddcesm,natural,m0_2donly,1,0.7112,0.7199,247,154
cddcesm,natural,m0_2donly,2,0.7229,0.6697,247,154
cddcesm,natural,m0_2donly,3,0.7802,0.7325,247,154
cddcesm,natural,m0_2donly,4,0.6427,0.5571,247,154
cddcesm,natural,m0_2donly,42,0.7278,0.6913,247,154
cddcesm,natural,m1_wt_llrd,1,0.7714,0.8085,247,154
cddcesm,natural,m1_wt_llrd,2,0.831,0.7954,247,154
cddcesm,natural,m1_wt_llrd,3,0.8511,0.7984,247,154
cddcesm,natural,m1_wt_llrd,4,0.7945,0.8008,247,154
cddcesm,natural,m1_wt_llrd,42,0.8125,0.8243,247,154
cddcesm,natural,mscratch,1,0.5732,0.4126,247,154
cddcesm,natural,mscratch,2,0.5671,0.4374,247,154
cddcesm,natural,mscratch,3,0.4855,0.509,247,154
cddcesm,natural,mscratch,4,0.5784,0.4232,247,154
cddcesm,natural,mscratch,42,0.5386,0.4951,247,154
cmmd,balanced,m0_2donly,1,0.6194,0.5968,746,548
cmmd,balanced,m0_2donly,2,0.6649,0.6965,746,548
cmmd,balanced,m0_2donly,3,0.5703,0.6183,746,548
cmmd,balanced,m0_2donly,4,0.7432,0.7262,746,548
cmmd,balanced,m0_2donly,42,0.5942,0.5902,746,548
cmmd,balanced,m1_wt_llrd,1,0.7898,0.8046,746,548
cmmd,balanced,m1_wt_llrd,2,0.7894,0.7659,746,548
cmmd,balanced,m1_wt_llrd,3,0.7555,0.7964,746,548
cmmd,balanced,m1_wt_llrd,4,0.779,0.7794,746,548
cmmd,balanced,m1_wt_llrd,42,0.784,0.7966,746,548
cmmd,balanced,mscratch,1,0.5384,0.5665,746,548
cmmd,balanced,mscratch,2,0.5527,0.5875,746,548
cmmd,balanced,mscratch,3,0.5389,0.5392,746,548
cmmd,balanced,mscratch,4,0.5433,0.5854,746,548
cmmd,balanced,mscratch,42,0.5104,0.6022,746,548
cmmd,natural,m0_2donly,1,0.7437,0.7784,746,548
cmmd,natural,m0_2donly,2,0.7544,0.762,746,548
cmmd,natural,m0_2donly,3,0.7328,0.7655,746,548
cmmd,natural,m0_2donly,4,0.6196,0.6312,746,548
cmmd,natural,m0_2donly,42,0.5792,0.5858,746,548
cmmd,natural,m1_wt_llrd,1,0.7914,0.7948,746,548
cmmd,natural,m1_wt_llrd,2,0.7732,0.7654,746,548
cmmd,natural,m1_wt_llrd,3,0.7909,0.8016,746,548
cmmd,natural,m1_wt_llrd,4,0.7961,0.773,746,548
cmmd,natural,m1_wt_llrd,42,0.7649,0.7865,746,548
cmmd,natural,mscratch,1,0.5515,0.5911,746,548
cmmd,natural,mscratch,2,0.5567,0.5663,746,548
cmmd,natural,mscratch,3,0.5463,0.5711,746,548
cmmd,natural,mscratch,4,0.5439,0.5425,746,548
cmmd,natural,mscratch,42,0.5328,0.5769,746,548
embed,balanced,m0_2donly,1,0.7505,0.7658,2100,1050
embed,balanced,m0_2donly,2,0.7494,0.7659,2100,1050
embed,balanced,m0_2donly,3,0.7468,0.7552,2100,1050
embed,balanced,m0_2donly,4,0.7528,0.7717,2100,1050
embed,balanced,m0_2donly,42,0.7563,0.7545,2100,1050
embed,balanced,m1_wt_llrd,1,0.766,0.7725,2100,1050
embed,balanced,m1_wt_llrd,2,0.7683,0.7714,2100,1050
embed,balanced,m1_wt_llrd,3,0.7582,0.7692,2100,1050
embed,balanced,m1_wt_llrd,4,0.7657,0.7692,2100,1050
embed,balanced,m1_wt_llrd,42,0.7488,0.7652,2100,1050
embed,balanced,mscratch,1,0.6528,0.6638,2100,1050
embed,balanced,mscratch,2,0.5139,0.5209,2100,1050
embed,balanced,mscratch,3,0.5777,0.6064,2100,1050
embed,balanced,mscratch,4,0.5573,0.5586,2100,1050
embed,balanced,mscratch,42,0.5949,0.6059,2100,1050
embed_nat,natural,m0_2donly,1,0.7341,0.7495,1654,604
embed_nat,natural,m0_2donly,2,0.7333,0.7542,1654,604
embed_nat,natural,m0_2donly,3,0.684,0.6789,1654,604
embed_nat,natural,m0_2donly,4,0.6889,0.6942,1654,604
embed_nat,natural,m0_2donly,42,0.7196,0.757,1654,604
embed_nat,natural,m1_wt_llrd,1,0.7378,0.7662,1654,604
embed_nat,natural,m1_wt_llrd,2,0.7504,0.7671,1654,604
embed_nat,natural,m1_wt_llrd,3,0.7433,0.7628,1654,604
embed_nat,natural,m1_wt_llrd,4,0.7458,0.7706,1654,604
embed_nat,natural,m1_wt_llrd,42,0.7499,0.7623,1654,604
embed_nat,natural,mscratch,1,0.5141,0.5137,1654,604
embed_nat,natural,mscratch,2,0.5863,0.5967,1654,604
embed_nat,natural,mscratch,3,0.501,0.5025,1654,604
embed_nat,natural,mscratch,4,0.4976,0.501,1654,604
embed_nat,natural,mscratch,42,0.5951,0.6169,1654,604
mias,balanced,m0_2donly,1,0.6509,0.6271,48,17
mias,balanced,m0_2donly,2,0.5104,0.612,48,17
mias,balanced,m0_2donly,3,0.5,0.611,48,17
mias,balanced,m0_2donly,4,0.5863,0.537,48,17
mias,balanced,m0_2donly,42,0.4004,0.6243,48,17
mias,balanced,m1_wt_llrd,1,0.6869,0.8482,48,17
mias,balanced,m1_wt_llrd,2,0.8074,0.8093,48,17
mias,balanced,m1_wt_llrd,3,0.7619,0.8558,48,17
mias,balanced,m1_wt_llrd,4,0.6964,0.7894,48,17
mias,balanced,m1_wt_llrd,42,0.7732,0.8235,48,17
mias,balanced,mscratch,1,0.3425,0.5588,48,17
mias,balanced,mscratch,2,0.4004,0.5683,48,17
mias,balanced,mscratch,3,0.3349,0.556,48,17
mias,balanced,mscratch,4,0.4896,0.6176,48,17
mias,balanced,mscratch,42,0.3814,0.5939,48,17
mias,natural,m0_2donly,1,0.4345,0.6205,48,17
mias,natural,m0_2donly,2,0.3359,0.5835,48,17
mias,natural,m0_2donly,3,0.5702,0.5057,48,17
mias,natural,m0_2donly,4,0.5427,0.6926,48,17
mias,natural,m0_2donly,42,0.6347,0.7258,48,17
mias,natural,m1_wt_llrd,1,0.7467,0.8757,48,17
mias,natural,m1_wt_llrd,2,0.7476,0.8662,48,17
mias,natural,m1_wt_llrd,3,0.7011,0.7562,48,17
mias,natural,m1_wt_llrd,4,0.6907,0.7742,48,17
mias,natural,m1_wt_llrd,42,0.6509,0.7533,48,17
mias,natural,mscratch,1,0.3472,0.5275,48,17
mias,natural,mscratch,2,0.4753,0.593,48,17
mias,natural,mscratch,3,0.6053,0.6357,48,17
mias,natural,mscratch,4,0.3349,0.6157,48,17
mias,natural,mscratch,42,0.7581,0.4791,48,17
rsna,balanced,m0_2donly,1,0.5628,0.554,10867,187
rsna,balanced,m0_2donly,2,0.5016,0.5167,10867,187
rsna,balanced,m0_2donly,3,0.6215,0.608,10867,187
rsna,balanced,m0_2donly,4,0.5658,0.5307,10867,187
rsna,balanced,m0_2donly,42,0.4991,0.4813,10867,187
rsna,balanced,m1_wt_llrd,1,0.6765,0.7141,10867,187
rsna,balanced,m1_wt_llrd,2,0.6767,0.7112,10867,187
rsna,balanced,m1_wt_llrd,3,0.6935,0.7215,10867,187
rsna,balanced,m1_wt_llrd,4,0.6801,0.7083,10867,187
rsna,balanced,m1_wt_llrd,42,0.7122,0.7121,10867,187
rsna,balanced,mscratch,1,0.4978,0.5474,10867,187
rsna,balanced,mscratch,2,0.4769,0.5183,10867,187
rsna,balanced,mscratch,3,0.5231,0.5313,10867,187
rsna,balanced,mscratch,4,0.5123,0.5098,10867,187
rsna,balanced,mscratch,42,0.4717,0.5368,10867,187
